key,name,lat,lon,huc,state,year,on_site_release_lb,zone_class,mask_2008_point,p_max,p_mean,n_buffer_cells,d1_eligible,d2,d1_t_0p50,d1_t_0p75,d1_t_0p90
110043659644,O'NEAL MANUFACTURING SERVICES,39.855748,-85.991707,05120201,IN,2023,7.609999999999999,unshaded_x,1,0.2417030781507492,0.07661730796098709,81,True,False,False,False,False
110037389224,POET BIOREFINING ALEXANDRIA LLC,40.295033,-85.652861,05120201,IN,2023,5113.0,unshaded_x,1,0.4771241843700409,0.138451486825943,81,True,False,False,False,False
110000396116,BEST-EVER DAIRY PRODUCTS,40.120921,-85.678339,05120201,IN,2023,5.0,unshaded_x,1,0.39887481927871704,0.09711965173482895,81,True,False,False,False,False
110000396125,SIRMAX N.A. INC,40.087987,-85.699109,05120201,IN,2023,0.0,unshaded_x,1,0.11004320532083511,0.013762123882770538,81,True,False,False,False,False
110070557749,MORIROKU TECHNOLOGY N.A. - A,40.040393,-85.730348,05120201,IN,2023,705.0,unshaded_x,1,0.6954950094223022,0.15012557804584503,81,True,False,True,False,False
110033155920,NESTLE USA INC-ANDERSON,40.040469,-85.74271,05120201,IN,2023,874.0,unshaded_x,1,0.3289982080459595,0.09164056926965714,81,True,False,False,False,False
110011831054,CHEMSTATION OF INDIANA,39.965717,-86.149081,05120201,IN,2023,0.0,unshaded_x,1,0.3334971070289612,0.09106291830539703,81,True,False,False,False,False
110000396161,ELSA LLC,40.266163,-85.816919,05120201,IN,2023,29086.739999999998,unshaded_x,1,0.12873952090740204,0.048787541687488556,81,True,False,False,False,False
110046383196,THURSDAY POOLS,39.934278,-85.837297,05120201,IN,2023,257590.0,unshaded_x,1,0.7688588500022888,0.15194113552570343,81,True,False,True,True,False
110000846167,OWENS BROCKWAY GLASS CONTAINER INC PLANT #08,40.064476,-85.85352,05120201,IN,2023,275.65,unshaded_x,1,0.024334115907549858,0.005328038241714239,81,True,False,False,False,False
110024447133,KING SYSTEMS CORP,40.006082,-86.005744,05120201,IN,2023,38937.99,unshaded_x,1,0.3015707731246948,0.06319630891084671,81,True,False,False,False,False
110070112580,ID CASTINGS LLC,40.031386,-86.014347,05120201,IN,2023,0.1,unshaded_x,1,0.423933207988739,0.03342273458838463,81,True,False,False,False,False
110000396330,INDUSTRIAL DIELECTRICS INC.,40.042518,-86.01527,05120201,IN,2023,17340.0,unshaded_x,1,0.04529524967074394,0.013715021312236786,81,True,False,False,False,False
110000396358,EMC PRECISION II,40.132482,-86.22051,05120201,IN,2023,1.6,unshaded_x,1,0.11458656936883926,0.05448894202709198,81,True,False,False,False,False
110059697289,HELMER SCIENTIFIC TRANE TECHNOLOGIES,39.998517,-85.926669,05120201,IN,2023,20.0,unshaded_x,1,0.3349478244781494,0.0755259245634079,81,True,False,False,False,False
110070943544,OLDCASTLE LAWN & GARDEN,40.018852,-86.028183,05120201,IN,2023,0.02642,shaded_x,1,0.5319865345954895,0.06808464229106903,81,False,False,False,False,False
110041244819,SMC CORP OF AMERICA,40.005571,-85.989373,05120201,IN,2023,0.0,unshaded_x,1,0.2348296046257019,0.09334247559309006,81,True,False,False,False,False
110060259991,VALVOLINE GLOBAL PRODUCTS,40.01025,-86.005465,05120201,IN,2023,0.0,unshaded_x,1,0.3762376308441162,0.07799144089221954,81,True,False,False,False,False
110000396385,COUNTRYMARK REFINING & LOGISTICS LLC,40.042637,-86.222244,05120201,IN,2023,1632.0,unshaded_x,1,0.2864467203617096,0.0929017886519432,81,True,False,False,False,False
110070265855,INDIANA MILLS & MANUFACTURING INC.,40.059128,-86.128643,05120201,IN,2023,279.0,unshaded_x,1,0.6929112672805786,0.17793485522270203,81,True,False,True,False,False
110071428633,RINKER WHITESTOWN PIPE,39.976546,-86.394929,05120201,IN,2023,0.0394,unshaded_x,1,0.2321273386478424,0.0745956152677536,81,True,False,False,False,False
110067114349,WEAS ENGINEERING,40.038238,-86.145955,05120201,IN,2023,0.0,unshaded_x,1,0.2539536952972412,0.028041576966643333,81,True,False,False,False,False
110000396394,ADM MILLING CO,39.730539,-86.092616,05120201,IN,2023,0.0,unshaded_x,1,0.22941571474075317,0.029092764481902122,81,True,False,False,False,False
110000396401,JCI JONES CHEMICALS INC.,39.727962,-86.088634,05120201,IN,2023,1.0,unshaded_x,1,0.166837677359581,0.027331363409757614,81,True,False,False,False,False
110000549817,FGF LLC,39.861611,-86.397018,05120201,IN,2023,27335.0,unshaded_x,1,0.7795918583869934,0.059961166232824326,81,True,False,True,True,False
110070200778,WATER SOLUTIONS UNLIMITED,39.63468,-86.338483,05120201,IN,2023,5.0,unshaded_x,1,0.37362638115882874,0.1227324903011322,81,True,False,False,False,False
110071428631,RINKER GREENFIELD PIPE,39.834384,-85.928091,05120201,IN,2023,0.101,unshaded_x,1,0.07191890478134155,0.02882314845919609,81,True,False,False,False,False
110071721726,SCHLAGE LOCK CO LLC,39.834295,-85.938636,05120201,IN,2023,0.0,unshaded_x,1,0.32354217767715454,0.14165917038917542,81,True,False,False,False,False
110000607816,USB INDIANA LLC,39.573049,-86.369106,05120201,IN,2023,2496.6400000000003,unshaded_x,1,0.19714272022247314,0.04982932284474373,81,True,False,False,False,False
110032987310,SUN POLYMERS INTERNATIONAL INC,39.570385,-86.367574,05120201,IN,2023,490.0,unshaded_x,1,0.5472922325134277,0.16397090256214142,81,True,False,True,False,False
110033201041,NICE-PAK PRODUCTS INC.,39.620812,-86.364427,05120201,IN,2023,460.3,unshaded_x,1,0.3832913041114807,0.09605701267719269,81,True,False,False,False,False
110007362433,ARCOSA LW HPB LLC,39.516925,-86.382386,05120201,IN,2023,1.0,floodway,1,0.7507149577140808,0.1354365348815918,81,False,False,False,False,False
110012273057,TOA (USA) LLC,39.595297,-86.376599,05120201,IN,2023,0.13,unshaded_x,1,0.1938275396823883,0.010418559424579144,81,True,False,False,False,False
110056970461,STEEL DYNAMICS INC-ENGINEERED BAR PRODUCTS DIV,39.874966,-86.482122,05120201,IN,2023,12858.820071099999,unshaded_x,1,0.38664886355400085,0.06271971762180328,81,True,False,False,False,False
110042001062,BODYCOTE THERMAL PROCESSING INC,39.794998,-86.168422,05120201,IN,2023,10.0,unshaded_x,1,0.11202237755060196,0.030748048797249794,81,True,False,False,False,False
110000396839,STERLING FLUID SYSTEMS DBA PEERLESS PUMP CO.,39.793373,-86.168403,05120201,IN,2023,10.25,unshaded_x,1,0.1166887953877449,0.03833127021789551,81,True,False,False,False,False
110001368528,HOLCIM SOLUTIONS & PRODUCTS (US) LLC,39.714514,-86.063512,05120201,IN,2023,0.9768,unshaded_x,1,0.22378133237361908,0.03675533086061478,81,True,False,False,False,False
110001351796,GEIGER & PETERS INC,39.755945,-86.1019,05120201,IN,2023,160.99,unshaded_x,1,0.6245298981666565,0.07661094516515732,81,True,False,True,False,False
110003134796,OLDCASTLE APG - INDIANAPOLIS,39.722601,-86.144265,05120201,IN,2023,0.08669,unshaded_x,1,0.3198660612106323,0.054150164127349854,81,True,False,False,False,False
110000396937,BRULIN HOLDING CO INC.,39.809958,-86.135673,05120201,IN,2023,28.973000000000003,unshaded_x,1,0.028743194416165352,0.012151523493230343,81,True,False,False,False,False
110000742019,ROLLS-ROYCE CORP-INDIANAPOLIS OPERATIONS CAMPUS,39.739703,-86.215876,05120201,IN,2023,33.76,unshaded_x,1,0.2576471269130707,0.10344565659761429,81,True,False,False,False,False
110000396946,ALLISON TRANSMISSION INC,39.781319,-86.237023,05120201,IN,2023,3862.32,unshaded_x,1,0.3060392737388611,0.06777159124612808,81,True,False,False,False,False
110000396955,THOMAS & SKINNER INC,39.799529,-86.139851,05120201,IN,2023,0.0,unshaded_x,1,0.014754180796444416,0.006898264866322279,81,True,False,False,False,False
110000396973,PRYSMIAN CABLES & SYSTEMS USA LLC,39.764276,-86.30165,05120201,IN,2023,37.0,unshaded_x,1,0.37362638115882874,0.07796788215637207,81,True,False,False,False,False
110000396991,IPL HARDING STREET GENERATING STATION,39.711262,-86.187001,05120201,IN,2023,0.0,unshaded_x,1,0.0386882983148098,0.016471542418003082,81,True,False,False,False,False
110000397008,ROYAL SPA CORP,39.685576,-86.196504,05120201,IN,2023,4950.0,unshaded_x,1,0.7735424041748047,0.11286924034357071,81,True,False,True,True,False
110000397026,COLORS INC,39.816444,-86.070513,05120201,IN,2023,10.0,unshaded_x,1,0.5302104353904724,0.06766490638256073,81,True,False,True,False,False
110000397053,MAJOR TOOL & MACHINE INC.,39.792238,-86.133806,05120201,IN,2023,86.0,unshaded_x,1,0.0033169533126056194,0.0011318591423332691,81,True,False,False,False,False
110002114569,GTP LLC./MI-TECH TUNGSTEN METALS LLC,39.807351,-86.090663,05120201,IN,2023,0.0,unshaded_x,1,0.03137384355068207,0.005517791491001844,81,True,False,False,False,False
110000493635,CROSSROAD FARMS DAIRY,39.766979,-86.040514,05120201,IN,2023,0.0,unshaded_x,1,0.27158159017562866,0.07390546798706055,81,True,False,False,False,False
110000397151,SCHLAGE LOCK CO LLC,39.806911,-86.018133,05120201,IN,2023,71.03,unshaded_x,1,0.1410856395959854,0.027891330420970917,81,True,False,False,False,False
110000397160,UNIVAR USA INC. - INDIANAPOLIS,39.811012,-86.037441,05120201,IN,2023,3.0417,sfha,1,0.21997517347335815,0.07320652157068253,81,False,False,False,False,False
110071356663,ADVANCED AQUATICS LLC DBA MAHI INTERNATIONAL,39.789957,-86.304709,05120201,IN,2023,0.0,unshaded_x,1,0.22472445666790009,0.04507361724972725,81,True,False,False,False,False
110071731485,LENEX STEEL CO,39.809752,-86.018213,05120201,IN,2023,37.36,unshaded_x,1,0.147038072347641,0.05360690876841545,81,True,False,False,False,False
110058774937,IMAGINEERING ENTERPRISES LLC,39.807199,-86.083299,05120201,IN,2023,89.4,unmapped,1,0.2591307461261749,0.11361667513847351,81,False,False,False,False,False
110001234940,MILESTONE CONTRACTORS L.P.,39.70674,-86.187135,05120201,IN,2023,0.8,floodway,1,0.3453815281391144,0.15004485845565796,81,False,False,False,False,False
110070813971,SCHLAGE LOCK CO LLC,39.81131,-86.018635,05120201,IN,2023,1.1400000000000001,unshaded_x,1,0.1312084197998047,0.024171659722924232,80,True,False,False,False,False
110000397179,LORD CORP,39.875877,-86.084589,05120201,IN,2023,0.12,unshaded_x,1,0.3103716969490051,0.09952519088983536,81,True,False,False,False,False
110000397197,INGREDION INC INDIANAPOLIS PLANT,39.746251,-86.176222,05120201,IN,2023,19247.370000000003,unshaded_x,1,0.7358691692352295,0.2502281069755554,81,True,False,True,False,False
110000493644,HERITAGE-CRYSTAL CLEAN LLC - RE-REFINERY,39.780395,-86.227694,05120201,IN,2023,60.0,unshaded_x,1,0.3046077489852905,0.0459449477493763,81,True,False,False,False,False
110000397268,AEROFAB,39.739487,-86.147502,05120201,IN,2023,0.0,shaded_x,1,0.7735424041748047,0.08498433232307434,81,False,False,False,False,False
110000397240,LINDE GAS & EQUIPMENT,39.784355,-86.234776,05120201,IN,2023,1048.0,unshaded_x,1,0.7625402808189392,0.19238290190696716,81,True,False,True,True,False
110000747087,LINDE ADVANCED MATERIAL TECHNOLOGIES INC,39.7857,-86.23488,05120201,IN,2023,795.1700000000001,unshaded_x,1,0.5466086864471436,0.24002541601657867,81,True,False,True,False,False
110000397302,MPLX TERMINALS LLC - SPEEDWAY IN TERMINAL,39.782952,-86.225306,05120201,IN,2023,3390.0,unshaded_x,1,0.037575043737888336,0.017912862822413445,81,True,False,False,False,False
110042082590,SUPERIOR INDUSTRIAL SOLUTIONS INC.,39.737825,-86.16384,05120201,IN,2023,17119.0,sfha,1,0.2591307461261749,0.08243818581104279,81,False,False,False,False,False
110000397348,BRENNTAG MID-SOUTH INC,39.814274,-86.009615,05120201,IN,2023,2728.0,unshaded_x,1,0.15391331911087036,0.05921582877635956,43,True,False,False,False,False
110069619880,GREENLEAF FOODS SPC - INDIANAPOLIS,39.816531,-86.014311,05120201,IN,2023,0.0,unshaded_x,1,0.19915981590747833,0.04992740973830223,81,True,False,False,False,False
110070814253,PETROCHOICE DYNAMO LLC,39.736026,-86.189044,05120201,IN,2023,0.0,sfha,1,0.08773427456617355,0.014930535107851028,81,False,False,False,False,False
110071432935,QUIKRETE - INDIANAPOLIS IN PLANT,39.85508,-86.11248,05120201,IN,2023,0.314,unshaded_x,1,0.6309250593185425,0.04621746391057968,81,True,False,True,False,False
110071640352,SEALMASTER,39.715448,-86.141082,05120201,IN,2023,0.357,unshaded_x,1,0.21997517347335815,0.06327715516090393,81,True,False,False,False,False
110000493653,CARRIER CORP - INDIANAPOLIS,39.74969,-86.289299,05120201,IN,2023,0.0,unshaded_x,1,0.1314420998096466,0.01817258633673191,81,True,False,False,False,False
110000397393,HERITAGE ENVIRONMENTAL SERVICES LLC,39.749458,-86.300926,05120201,IN,2023,2056.018,shaded_x,1,0.3680315613746643,0.13535994291305542,81,False,False,False,False,False
110000397400,MICRONUTRIENTS USA LLC,39.743146,-86.297433,05120201,IN,2023,14197.0,unshaded_x,1,0.3084210455417633,0.10283567756414413,81,True,False,False,False,False
110000397419,ECOBAT RESOURCES INDIANA LLC,39.749574,-86.300666,05120201,IN,2023,84.1,unshaded_x,1,0.2960588335990906,0.11388837546110153,81,True,False,False,False,False
110000397428,SUMCO LLC,39.747162,-86.288874,05120201,IN,2023,0.0,unshaded_x,1,0.38664886355400085,0.10686150193214417,81,True,False,False,False,False
110038493056,PHOENIX FABRICATORS & ERECTORS INC,39.760295,-86.361843,05120201,IN,2023,114.1292,unshaded_x,1,0.20715734362602234,0.03097742237150669,81,True,False,False,False,False
110039019834,CORPORATE SYSTEMS ENGINEERING,39.752195,-86.045144,05120201,IN,2023,0.39,unshaded_x,1,0.18378998339176178,0.036197908222675323,81,True,False,False,False,False
110000397473,ROLLS-ROYCE CORP SINGLE CRYSTAL OPERATION,39.721936,-86.256764,05120201,IN,2023,0.0,unshaded_x,1,0.19093823432922363,0.03460182622075081,81,True,False,False,False,False
110000397516,1500 SOUTH TIBBS LLC,39.744302,-86.216087,05120201,IN,2023,16624.0,unshaded_x,1,0.08540565520524979,0.04131148010492325,81,True,False,False,False,False
110020518411,SVC MANUFACTURING,39.678131,-86.298355,05120201,IN,2023,0.0,unshaded_x,1,0.15507815778255463,0.03745223954319954,81,True,False,False,False,False
110070790389,NELSON GLOBAL PRODUCTS,39.722891,-86.2612,05120201,IN,2023,0.0,unshaded_x,1,0.3522314429283142,0.0650750994682312,81,True,False,False,False,False
110041351195,MULTI PACKAGING SOLUTIONS,39.738715,-86.261281,05120201,IN,2023,207.0,unshaded_x,1,0.14722450077533722,0.031157564371824265,81,True,False,False,False,False
110010289017,DORMAKABA USA INC.,39.890568,-86.061014,05120201,IN,2023,83.0,unshaded_x,1,0.22310687601566315,0.05343266949057579,81,True,False,False,False,False
110000397570,CROWN TECHNOLOGY,39.92696,-86.036073,05120201,IN,2023,0.0,unmapped,1,0.1242801770567894,0.025988811627030373,81,False,False,False,False,False
110000397623,CONAGRA FOODS INC,39.867637,-86.233501,05120201,IN,2023,0.0,unshaded_x,1,0.07730868458747864,0.01786939613521099,81,True,False,False,False,False
110022827618,PIEZOTECH LLC,39.908371,-86.240748,05120201,IN,2023,2.0,unshaded_x,1,0.16296447813510895,0.05699349567294121,81,True,False,False,False,False
110000397632,ELLIOTT CO OF INDIANAPOLI S INC.,39.919304,-86.259945,05120201,IN,2023,1950.0,unshaded_x,1,0.05083508417010307,0.004392988048493862,81,True,False,False,False,False
110013398420,EXELEAD INC.,39.880464,-86.231527,05120201,IN,2023,0.0,unshaded_x,1,0.13016918301582336,0.03312436863780022,81,True,False,False,False,False
110040926004,MPLX TERMINALS LLC - INDIANAPOLIS IN TERMINAL,39.923143,-86.243342,05120201,IN,2023,5156.0,unshaded_x,1,0.2713421583175659,0.07228642702102661,81,True,False,False,False,False
110000397678,AEARO TECHNOLOGIES LLC,39.8964,-86.259744,05120201,IN,2023,5.01301,unshaded_x,1,0.3402819335460663,0.10094340145587921,81,True,False,False,False,False
110032883896,ASPHALT MATERIALS INC,39.911503,-86.242354,05120201,IN,2023,0.0966,unshaded_x,1,0.0925169289112091,0.022458452731370926,81,True,False,False,False,False
110070070106,HEARTLAND FOOD PRODUCTS GROUP,39.906973,-86.238386,05120201,IN,2023,0.0,unshaded_x,1,0.3334971070289612,0.14168097078800201,81,True,False,False,False,False
110070224569,PINNACLE OIL HOLDINGS,39.900315,-86.24736,05120201,IN,2023,0.0,unshaded_x,1,0.10265249013900757,0.053469929844141006,81,True,False,False,False,False
110070239050,FOUR O CORP,39.911797,-86.252133,05120201,IN,2023,0.0,unshaded_x,1,0.3046077489852905,0.04765632376074791,81,True,False,False,False,False
110002114881,PRC-DESOTO INTERNATIONAL INC.,39.872995,-86.26602,05120201,IN,2023,1440.0,unshaded_x,1,0.14571990072727203,0.03273690864443779,81,True,False,False,False,False
110003128259,ACCURATE MANUFACTURED PRODUCTS GROUP,39.900381,-86.267014,05120201,IN,2023,0.0,unshaded_x,1,0.06540586799383163,0.021585972979664803,81,True,False,False,False,False
110017392819,LILLY TECHNOLOGY CENTER,39.744526,-86.187136,05120201,IN,2023,10632.0,unshaded_x,1,0.023997297510504723,0.004021201748400927,81,True,False,False,False,False
110000397712,GARFIELD FACILITY LLC,40.158023,-85.420939,05120201,IN,2023,130.985,unshaded_x,1,0.5519614815711975,0.19217762351036072,81,True,False,True,False,False
110000399916,NCH CORP MOHAWK LABS DIV,39.816478,-86.020477,05120201,IN,2023,6.65,unshaded_x,1,0.027683423832058907,0.011270498856902122,81,True,False,False,False,False
110000493859,BECKETT BRONZE CO INC,40.17039,-85.386046,05120201,IN,2023,0.0,shaded_x,1,0.18061071634292603,0.0795590877532959,81,False,False,False,False,False
110003074235,DELAWARE DYNAMICS LLC,40.188309,-85.385468,05120201,IN,2023,2.0,unshaded_x,1,0.013128772377967834,0.002679127035662532,81,True,False,False,False,False
110000402500,MAXON CORP,40.172315,-85.384547,05120201,IN,2023,42.87,sfha,1,0.25813889503479004,0.11157166212797165,81,False,False,False,False,False
110000402519,AZZ GALVANIZING SERVICES-MUNCIE,40.17231,-85.386313,05120201,IN,2023,1546.4869999999999,shaded_x,1,0.25813889503479004,0.10804874449968338,81,False,False,False,False,False
110000402528,ARROWHEAD PLASTIC ENGINEERING INC,40.167912,-85.411539,05120201,IN,2023,23560.0,shaded_x,1,0.7250000238418579,0.19574317336082458,81,False,False,False,False,False
110000402591,PROGRESS RAIL MANUFACTURING CORP.,40.162337,-85.404869,05120201,IN,2023,0.0,shaded_x,1,0.2948754131793976,0.09725012630224228,81,False,False,False,False,False
110000402537,MPLX TERMINALS LLC - MUNCIE IN TERMINAL,40.277161,-85.362269,05120201,IN,2023,1398.0,unshaded_x,1,0.3868010938167572,0.07641188055276871,81,True,False,False,False,False
110000402555,GKN AEROSPACE MUNCIE INC.,40.157197,-85.421308,05120201,IN,2023,75.74000000000001,unshaded_x,1,0.5519614815711975,0.1575203835964203,81,True,False,True,False,False
110000863183,MUNCIE CASTING CORP,40.17243,-85.371467,05120201,IN,2023,0.0,unshaded_x,1,0.49657198786735535,0.0598766952753067,81,True,False,False,False,False
110012098425,BECKETT BRONZE CO INC,40.167381,-85.389708,05120201,IN,2023,0.0,shaded_x,1,0.4171236455440521,0.09056763350963593,81,False,False,False,False,False
110071722144,CANPACK US LLC,40.149366,-85.412058,05120201,IN,2023,1560.3,unshaded_x,1,0.6453113555908203,0.2983247935771942,81,True,False,True,False,False
110043543813,MAGNA POWERTRAIN EAST,40.149397,-85.400859,05120201,IN,2023,0.0,unshaded_x,1,0.789226770401001,0.09751777350902557,81,True,False,True,True,False
110069275064,MPT MUNCIE COWAN ROAD,40.151135,-85.404984,05120201,IN,2023,0.0,unshaded_x,1,0.3244388699531555,0.10519318282604218,81,True,False,False,False,False
110069620039,SPARTECH LLC,40.178283,-85.37067,05120201,IN,2023,0.0,unshaded_x,1,0.03765532001852989,0.01573980413377285,81,True,False,False,False,False
110000792508,ARDAGH GLASS INC,40.172471,-84.988747,05120201,IN,2023,27312.12,unshaded_x,1,0.11473095417022705,0.02174673043191433,81,True,False,False,False,False
110020518590,TOA WINCHESTER LLC,40.174451,-84.993591,05120201,IN,2023,45.0,unshaded_x,1,0.051565710455179214,0.03198206424713135,81,True,False,False,False,False
110046371582,MURSIX CORP,40.213141,-85.554684,05120201,IN,2023,0.0,unshaded_x,1,0.3032388985157013,0.094196617603302,81,True,False,False,False,False
110008337941,SILVERTOWNE,40.164807,-84.963921,05120201,IN,2023,0.0,unshaded_x,1,0.14578422904014587,0.029268108308315277,81,True,False,False,False,False
